# Worldline: a sample of the belts' bodies from NASA JPL Horizons, to check the swarm. Regenerate with: python tools/fetch_belt_samples.py
# states: NASA JPL Horizons small-body solutions (5 Astraea (A845 XA) JPL#147; 1740 Paavo Nurmi (1939 UA) JPL#67; 3592 Nedbal (1980 CT) JPL#61; 5654 Terni (1993 KG) JPL#68; 8156 Tsukada (1988 TR) JPL#61; 11528 Mie (1991 XH) JPL#71; 15771 (1993 FS34) JPL#56; 20370 Gkotsinas (1998 KR29) JPL#68; 26852 Miyamototakashi (1992 UK2) JPL#51; 33837 (2000 FQ40) JPL#47; 45936 (2000 YB133) JPL#62; 63271 (2001 CN34) JPL#68; 588 Achilles (A906 DN) JPL#117; 60421 (2000 CZ31) JPL#66; 200036 (2007 RH77) JPL#31; 284454 (2007 EX221) JPL#30; 353218 (2009 UN67) JPL#30; 512947 (2017 CZ) JPL#16; 15760 Albion (1992 QB1) JPL#8; 535229 (2014 YG50) JPL#9; (2003 UV291) JPL#7; (2013 SM106) JPL#5; (2015 FV397) JPL#1; (2016 FU58) JPL#8), fetched 2026-10-07
# frame: ICRF, ecliptic and mean equinox of J2000, origin at the solar system barycenter; km, km/s
# epochs: 2025-01-01 00:00:00 TDB (JD 2460676.5) and 2026-01-01 06:00:00 TDB (JD 2461041.75)
designation,belt,x_km,y_km,z_km,vx_km_s,vy_km_s,vz_km_s,x1_km,y1_km,z1_km,vx1_km_s,vy1_km_s,vz1_km_s
5,asteroid belt,-2.824452120655056E+08,-2.173399548371497E+08,3.237724275664385E+07,9.327036996719466E+00,-1.768107745788260E+01,7.521222762996862E-01,1.900987837708515E+08,-4.053930873614572E+08,1.855951468539840E+07,1.483988937679935E+01,5.228958417549613E+00,-1.250735258163159E+00
1740,asteroid belt,2.782672947975286E+08,1.066780205364104E+08,1.043146970431843E+07,-7.869822451586026E+00,2.156197342987661E+01,8.272806957704315E-02,-2.637330235602846E+08,2.870889594765764E+08,-3.837593091630310E+06,-1.517456824212171E+01,-9.474085011159646E+00,-6.221171175552902E-01
3592,asteroid belt,2.162912304164131E+08,-3.254672851070029E+08,-6.472717676403373E+07,1.280241787503103E+01,1.128585586127514E+01,1.039933281815561E+00,1.958393545648522E+08,2.154369708678280E+08,2.284420830561735E+07,-1.837919959172261E+01,1.338478159175117E+01,3.231105551163032E+00
5654,asteroid belt,-9.316149825601542E+07,3.284396842648730E+08,5.291148206107351E+07,-1.967116727688497E+01,-7.785123520743507E+00,-4.694451890159215E-01,-3.048430061504242E+08,-2.225106479959102E+08,-2.252165933705592E+07,8.629916649442542E+00,-1.736692463520001E+01,-2.924178830150004E+00
8156,asteroid belt,-5.093271529547106E+07,3.887154041979234E+08,-1.286977991049798E+07,-1.858541198861933E+01,-5.154004427345116E-01,8.586840540089089E-01,-4.364523737049567E+08,5.858129868292354E+07,1.738815330881913E+07,-2.940471581145187E+00,-1.626045717048030E+01,7.660961827030066E-01
11528,asteroid belt,3.230932478093635E+08,-2.321835920395359E+07,-5.406984579909372E+07,6.474986764066447E-02,2.127735235171576E+01,-3.655256003269271E+00,-1.043686525316804E+08,3.655380568766847E+08,-4.413078310475871E+07,-1.835403946849664E+01,-1.624825965405892E+00,3.565195898593391E+00
15771,asteroid belt,1.665602543470099E+07,4.720324564815463E+08,1.010841724015215E+07,-1.629560138536471E+01,3.814324876794103E+00,5.868653120229856E-01,-4.274890531913804E+08,3.475524747334723E+08,2.094198150857744E+07,-1.001900903736904E+01,-1.000048437509840E+01,8.201800042040563E-02
20370,asteroid belt,-4.305765734198971E+08,4.554447939736985E+07,3.290096720788954E+07,-2.705036924220377E+00,-1.678123890530524E+01,1.503033082853645E+00,-2.037834151671895E+08,-3.910265751324822E+08,4.684685335921380E+07,1.499634968623202E+01,-7.322922261939480E+00,-7.134062104184000E-01
26852,asteroid belt,1.152365696667517E+08,-3.918246915233771E+08,-1.095572749376575E+08,1.489646050336991E+01,7.984585991172095E+00,-3.202513316155655E-01,2.816197455339139E+08,1.319397052172541E+08,-1.044348816152427E+07,-1.073815767553121E+01,1.886236288165027E+01,6.049268270112707E+00
33837,asteroid belt,-4.077591358102248E+08,-2.131370437012038E+08,6.772084532669082E+06,1.058576834955705E+01,-9.212420110697437E+00,-8.623167904453645E+00,1.538259559979911E+08,-1.961303409889537E+08,-1.607514094710002E+08,1.858609051361550E+01,1.532956034914286E+01,2.924979123997044E+00
45936,asteroid belt,3.805757963545958E+08,2.540677094211978E+08,-7.759210750619556E+07,-8.520148410628360E+00,1.414585382990354E+01,-1.480020325832267E+00,-5.130651854750105E+07,4.719469790138171E+08,-7.166928422957465E+07,-1.585386284551334E+01,-1.527746556582710E+00,1.763471935060582E+00
63271,asteroid belt,2.704383648146995E+08,-4.950927933418352E+07,-9.195099335991554E+07,7.248841423703897E-01,2.381800950126911E+01,1.908378869771633E+00,-2.204408197885019E+08,2.777398348973609E+08,9.604289672623244E+07,-1.722084784639925E+01,-7.717834435193858E+00,4.869691540420416E+00
588,jupiter trojans,-6.504037070374218E+08,3.007657004702705E+08,-4.147045191433609E+07,-7.286701329385194E+00,-1.185621907529744E+01,-2.479863364196588E+00,-7.636301004932019E+08,-1.024283004452105E+08,-1.089588624546767E+08,7.895481758316079E-03,-1.297255247775347E+01,-1.714457213646948E+00
60421,jupiter trojans,-7.818416011360713E+08,9.567573812898052E+07,-1.764426779070739E+06,-2.011395164339350E+00,-1.277563519342422E+01,1.513860371030915E+00,-7.407036748863651E+08,-3.025126072002665E+08,4.416564781832616E+07,4.505186976660476E+00,-1.190923960328450E+01,1.334147437200486E+00
200036,jupiter trojans,-5.859540129845079E+08,4.776783006851859E+08,9.226469786652982E+06,-8.457845545980758E+00,-1.052817335879609E+01,-7.725696677647811E-01,-7.519241897935691E+08,9.071705951500021E+07,-1.530301226467647E+07,-1.796840498284581E+00,-1.336486525369545E+01,-7.421818662324924E-01
284454,jupiter trojans,5.985293816424221E+08,3.753876048646854E+08,-1.490760001863817E+08,-6.711495744643201E+00,1.143588269090206E+01,-4.274075397050714E+00,3.014180991773328E+08,6.568948973449324E+08,-2.528383897465518E+08,-1.147395174192753E+01,6.081385954296874E+00,-2.186036274231987E+00
353218,jupiter trojans,-4.349744322480106E+08,6.034803960517261E+08,1.663175516839979E+08,-1.075819989407915E+01,-7.903010092136555E+00,1.156552403034640E+00,-6.951804735901811E+08,2.789307944762528E+08,1.769862563556825E+08,-5.351311273412950E+00,-1.213797059322734E+01,-4.893151410569478E-01
512947,jupiter trojans,6.320693712718874E+08,3.056269368432159E+08,-3.316990464189477E+08,-3.428659927891573E+00,1.209420212612871E+01,3.362505030418971E+00,4.434385071803579E+08,6.289621375935960E+08,-1.856289086044545E+08,-8.206850987338477E+00,7.968143667371636E+00,5.660969486110863E+00
15760,kuiper belt,4.374720842308791E+09,4.425684716073765E+09,1.705965924843676E+08,-3.219138600313466E+00,3.477535898115410E+00,1.314406188702462E-01,4.271943269144191E+09,4.534204806658990E+09,1.746974099128048E+08,-3.294172043664544E+00,3.399781377451202E+00,1.284433056656682E-01
535229,kuiper belt,-2.828513171107201E+09,4.495485615752808E+09,5.222199511193371E+07,-4.618993688125448E+00,-1.828322893116850E+00,-1.677835246694646E+00,-2.973013933988863E+09,4.435822045495629E+09,-7.416611957137585E+05,-4.538457944774311E+00,-1.952320094845220E+00,-1.678551713855946E+00
2003 UV291,kuiper belt,3.341059994691497E+09,5.819880844842367E+09,-5.934964894919062E+07,-3.755489030480619E+00,2.261421006862995E+00,-1.575561516316236E-01,3.221823279997943E+09,5.889967038226783E+09,-6.430839256473374E+07,-3.800992448151836E+00,2.180229732862286E+00,-1.566987814853874E-01
2013 SM106,kuiper belt,4.923450475739142E+09,2.984469026437296E+09,3.035484153533038E+08,-2.231839860827599E+00,4.392691757146744E+00,1.489614299661058E+00,4.851331307413196E+09,3.122047827190840E+09,3.504470731079028E+08,-2.338401978543663E+00,4.326109161611208E+00,1.482481679911609E+00
2015 FV397,kuiper belt,-6.561796508876053E+09,-1.538795758110730E+09,2.551024194978982E+08,9.366312854660193E-01,-4.270880525943690E+00,1.006147243105699E-01,-6.530826006368253E+09,-1.673233035456654E+09,2.582223469312187E+08,1.026076274865988E+00,-4.248937097711143E+00,9.710778703624778E-02
2016 FU58,kuiper belt,-5.494282432588678E+09,-6.476129889357984E+08,-1.252191151768427E+09,1.309849516077713E+00,-4.679132375195886E+00,-1.655424744106265E+00,-5.450955566526573E+09,-7.950220026473060E+08,-1.303971066453300E+09,1.436001737095684E+00,-4.662503819882872E+00,-1.625959714455623E+00
