# Worldline major moons, with their planets' centers. Regenerate with: python tools/fetch_moons.py
# epoch_jd_tdb: 2460676.5
# epoch: 2025-01-01 00:00:00 TDB
# states: NASA JPL Horizons (jup365_merged, mar099, nep098_merged, plu060_merged, sat441l, ura184_merged), fetched 2026-10-05
# frame: ICRF, ecliptic and mean equinox of J2000, origin at the solar system barycenter
# units: km, km/s, km^3/s^2
# gm: JPL satellite ephemeris constants (MAR099.01 in mar099.cmt, JUP365.26 in jup365.cmt, SAT441.24 in sat441.cmt, URA182.21 in ura184_part-1.cmt, NEP098 in nep098_part-1.cmt, PLU060 in plu060.cmt); radius: IAU mean radius (pck00011)
# parent: the planetary system's name in the solar-system snapshot
name,naif_id,parent,gm_km3_s2,radius_km,x_km,y_km,z_km,vx_km_s,vy_km_s,vz_km_s
Mars,499,Mars,4.282837485735626E+04,3389.5267,-7.890038131682469E+07,2.274372361241295E+08,6.722196400986686E+06,-2.199759485544177E+01,-5.787405095472254E+00,4.184257990340883E-01
Phobos,401,Mars,7.087546066894452E-04,11.1667,-7.889662402570666E+07,2.274455414613690E+08,6.720689413243368E+06,-2.373508040281522E+01,-4.849856438821031E+00,1.316432241338902E+00
Deimos,402,Mars,9.615569648120313E-05,6.3000,-7.887970626652579E+07,2.274441063898279E+08,6.713497170269281E+06,-2.232555720355564E+01,-4.498660906649365E+00,6.577248559899187E-01
Jupiter,599,Jupiter,1.266865319003704E+08,69946.0000,1.571230833020991E+08,7.429840488421507E+08,-6.597049828231782E+06,-1.293244436609816E+01,3.325781476287804E+00,2.755437569190042E-01
Io,501,Jupiter,5.959915466180539E+03,1821.5000,1.567913160787357E+08,7.427243216977766E+08,-6.610965628552347E+06,-2.289626937008920E+00,-1.036623645612734E+01,-5.726257077059449E-02
Europa,502,Jupiter,3.202712099607295E+03,1560.8000,1.577881296704506E+08,7.429453967029949E+08,-6.583737754150003E+06,-1.205078964629860E+01,1.712933231179292E+01,7.436303264113153E-01
Ganymede,503,Jupiter,9.887832752719638E+03,2631.2000,1.580935027059082E+08,7.425362306939588E+08,-6.600282950611502E+06,-8.370291186955019E+00,1.321209554904819E+01,7.178620386576879E-01
Callisto,504,Jupiter,7.179283402579837E+03,2410.3000,1.557607915780463E+08,7.442947293729103E+08,-6.574354439074993E+06,-1.862955468746259E+01,-2.522420287457085E+00,1.607200062736558E-02
Saturn,699,Saturn,3.793120623436167E+07,58300.0000,1.414498231862034E+09,-2.647172137275474E+08,-5.171551879510410E+07,1.240660798615463E+00,9.473546595187154E+00,-2.135791731559418E-01
Mimas,601,Saturn,2.503488768152587E+00,198.3667,1.414654718099328E+09,-2.646432638186897E+08,-5.177253728506581E+07,-6.221831604954454E+00,2.070092953869376E+01,-5.751511966610702E+00
Enceladus,602,Saturn,7.210366688598896E+00,252.1000,1.414653783613175E+09,-2.645640270745977E+08,-5.181082420697823E+07,-8.296980782491783E+00,1.714279317737758E+01,-3.308677653913774E+00
Tethys,603,Saturn,4.121352885489587E+01,531.0000,1.414791573876671E+09,-2.647337389045616E+08,-5.173794702345860E+07,1.419162446830206E+00,1.961066331545830E+01,-5.319668729047073E+00
Dione,604,Saturn,7.311607172482067E+01,561.4333,1.414438656015834E+09,-2.643849791883186E+08,-5.188363226878908E+07,-8.636301849696565E+00,8.475137561675526E+00,1.266411800265930E+00
Rhea,605,Saturn,1.539417519146563E+02,763.5000,1.414853345349510E+09,-2.650736883834034E+08,-5.155997136047024E+07,7.470464068443586E+00,1.431843958003190E+01,-3.346133094865368E+00
Titan,606,Saturn,8.978137095521046E+03,2574.8000,1.415601225488246E+09,-2.643686676799268E+08,-5.200511226427436E+07,-7.860454847029039E-01,1.429594537224997E+01,-2.498839396924752E+00
Hyperion,607,Saturn,3.704913747932265E-01,138.6000,1.413768268852795E+09,-2.633872780116177E+08,-5.231431324329008E+07,-2.727050460266563E+00,7.594323657726560E+00,1.101718405771887E+00
Iapetus,608,Saturn,1.205151060137642E+02,734.5000,1.413522971514088E+09,-2.680519653161872E+08,-5.074960023773247E+07,4.301435215737994E+00,8.552105428054178E+00,-6.174228929425913E-01
Uranus,799,Uranus,5.793950610340896E+06,25363.6667,1.660221941282016E+09,2.406965914394302E+09,-1.256903703858864E+07,-5.655920544550284E+00,3.549247198028906E+00,8.651776992957205E-02
Miranda,705,Uranus,4.105527241181560E+00,235.8333,1.660184831987187E+09,2.406999566762950E+09,-1.244938186861873E+07,4.949790799765355E-01,2.248285984049707E+00,2.365330174965174E+00
Ariel,701,Uranus,8.343074677282458E+01,578.9000,1.660357114810133E+09,2.406918843286975E+09,-1.269530509908569E+07,-9.367483070777286E+00,3.797476324956848E+00,-3.979355424595499E+00
Umbriel,702,Uranus,8.540300422326412E+01,584.7000,1.660058575645273E+09,2.407028991564516E+09,-1.237031899362838E+07,-2.099290600465265E+00,3.195174313488097E+00,3.118324440339888E+00
Titania,703,Uranus,2.228006351879754E+02,788.9000,1.660443351015978E+09,2.406866859628546E+09,-1.293106376598608E+07,-8.701149668434757E+00,3.941376588879034E+00,-1.884595557922002E+00
Oberon,704,Uranus,2.142098399407347E+02,761.4000,1.660129652785780E+09,2.407066724298590E+09,-1.200112941921341E+07,-2.619036463444616E+00,2.972051124574466E+00,6.796831869318070E-01
Neptune,899,Neptune,6.835099968446816E+06,24623.0000,4.469116493544512E+09,-9.560795004941645E+07,-1.010264792780728E+08,8.064661658743574E-02,5.465730077524510E+00,-1.151205200907082E-01
Triton,801,Neptune,1.428495462910464E+03,1352.6000,4.468831318483664E+09,-9.581291533593073E+07,-1.009762496817632E+08,-1.165272451409032E+00,8.020078776992985E+00,3.230574124207888E+00
Pluto,999,Pluto,8.693261226311508E+02,1188.3000,2.726134821346495E+09,-4.489869448498899E+09,-3.081172013616135E+08,4.789449666460403E+00,1.631136121618671E+00,-1.537878641005477E+00
Charon,901,Pluto,1.061011388236118E+02,606.0000,2.726149108104860E+09,-4.489856962752665E+09,-3.081220876115437E+08,4.810058668268497E+00,1.530128554295496E+00,-1.735779778455441E+00
