# Worldline: notable black holes, neutron stars, white dwarfs and nearby stars. Regenerate with: python tools/write_notable_objects.py
# Values copied by hand from the paper in each row's source. Masses in solar masses; radius_basis says whether a radius is measured, estimated, assumed or an event horizon (computed from the mass and spin; non-spinning if the spin isn't measured)
name,kind,system,mass_msun,mass_plus,mass_minus,radius,radius_unit,radius_plus,radius_minus,radius_basis,spin,spin_basis,distance,distance_unit,where,source
Sagittarius A*,black hole,,4.297e6,0.012e6,0.012e6,,,,,horizon,,,8277,pc,"The center of the Milky Way, in Sagittarius","GRAVITY Collaboration 2022, A&A 657, L12: M = (4.297 +/- 0.012) x 10^6 M_sun and R0 = 8277 +/- 9 pc (statistical; systematic about 0.04 x 10^6 M_sun and 30 pc), from the orbits of the stars S2, S29, S38 and S55"
M87*,black hole,,6.5e9,0.7e9,0.7e9,,,,,horizon,,,16.8,Mpc,"The center of the galaxy M87, in Virgo","Event Horizon Telescope Collaboration 2019, ApJL 875, L1 (M = (6.5 +/- 0.7) x 10^9 M_sun) and L6 (GM/Dc^2 = 3.8 +/- 0.4 microarcseconds; D = 16.8 +0.8/-0.7 Mpc)"
TON 618,black hole,,10^10.82,,,,,,,horizon,,,2.219,z,A quasar in Canes Venatici,"Shemmer et al. 2004, ApJ 614, 547: log M_BH = 10.82 from the width of its H-beta line (Table 2; typical uncertainty a factor of two); redshift 2.219 from NED (Table 1)"
Cygnus X-1,black hole,,21.2,2.2,2.2,,,,,horizon,0.9985,lower limit,2.22,kpc,"In the Milky Way, in Cygnus","Miller-Jones et al. 2021, Science 371, 1046 (mass; distance 2.22 +0.18/-0.17 kpc); spin above 0.9985 (3 sigma): Zhao et al. 2021, ApJ 908, 117"
Gaia BH1,black hole,,9.62,0.18,0.18,,,,,horizon,,,480,pc,"In the Milky Way, in Ophiuchus: the nearest known black hole","El-Badry et al. 2023, MNRAS 518, 1057"
Gaia BH3,black hole,,32.70,0.82,0.82,,,,,horizon,,,590,pc,"In the Milky Way, in Aquila: the heaviest stellar black hole known in it","Gaia Collaboration (Panuzzo et al.) 2024, A&A 686, L2"
GW150914 heavier hole,black hole,GW150914,35.6,4.7,3.1,,,,,horizon,,,440,Mpc,Merged in a distant galaxy; its gravitational waves reached Earth on 14 September 2015,"LIGO/Virgo GWTC-1: Abbott et al. 2019, Phys. Rev. X 9, 031040, Table III (medians and 90% credible intervals; luminosity distance 440 +150/-170 Mpc)"
GW150914 lighter hole,black hole,GW150914,30.6,3.0,4.4,,,,,horizon,,,440,Mpc,Merged in a distant galaxy; its gravitational waves reached Earth on 14 September 2015,"LIGO/Virgo GWTC-1: Abbott et al. 2019, Phys. Rev. X 9, 031040, Table III (medians and 90% credible intervals; luminosity distance 440 +150/-170 Mpc)"
GW150914 final hole,black hole,GW150914,63.1,3.4,3.0,,,,,horizon,0.69,measured,440,Mpc,Formed when the two holes of GW150914 merged,"LIGO/Virgo GWTC-1: Abbott et al. 2019, Phys. Rev. X 9, 031040, Table III (medians and 90% credible intervals; final spin 0.69 +0.05/-0.04; luminosity distance 440 +150/-170 Mpc)"
PSR B1913+16,neutron star,PSR B1913+16,1.438,0.001,0.001,11.9,km,1.4,1.4,assumed,,,,,"In the Milky Way, in Aquila: the Hulse-Taylor binary pulsar","Weisberg & Huang 2016, ApJ 829, 55 (masses from the periastron advance and the Einstein delay); radius not measured: GW170817's, Abbott et al. 2018, Phys. Rev. Lett. 121, 161101 (11.9 +1.4/-1.4 km, 90% credible)"
PSR B1913+16 companion,neutron star,PSR B1913+16,1.390,0.001,0.001,11.9,km,1.4,1.4,assumed,,,,,"In the Milky Way, in Aquila: the Hulse-Taylor binary pulsar","Weisberg & Huang 2016, ApJ 829, 55 (masses from the periastron advance and the Einstein delay); radius not measured: GW170817's, Abbott et al. 2018, Phys. Rev. Lett. 121, 161101 (11.9 +1.4/-1.4 km, 90% credible)"
PSR J0740+6620,neutron star,,2.08,0.07,0.07,12.39,km,1.30,0.98,measured,,,1.14,kpc,In the Milky Way: one of the heaviest neutron stars known,"Fonseca et al. 2021, ApJL 915, L12 (mass from the Shapiro delay; distance 1.14 +0.17/-0.15 kpc); radius: Riley et al. 2021, ApJL 918, L27 (NICER)"
PSR J0030+0451,neutron star,,1.34,0.15,0.16,12.71,km,1.14,1.19,measured,,,,,"In the Milky Way, in Pisces","Riley et al. 2019, ApJL 887, L21 (NICER)"
GW170817 heavier star,neutron star,GW170817,1.46,0.12,0.10,11.9,km,1.4,1.4,measured,,,40,Mpc,Merged in the galaxy NGC 4993; seen on 17 August 2017 in gravitational waves and light,"LIGO/Virgo GWTC-1: Abbott et al. 2019, Phys. Rev. X 9, 031040, Table III (medians and 90% credible intervals, low-spin prior; luminosity distance 40 +7/-15 Mpc); radius: Abbott et al. 2018, Phys. Rev. Lett. 121, 161101 (11.9 +1.4/-1.4 km, 90% credible)"
GW170817 lighter star,neutron star,GW170817,1.27,0.09,0.09,11.9,km,1.4,1.4,measured,,,40,Mpc,Merged in the galaxy NGC 4993; seen on 17 August 2017 in gravitational waves and light,"LIGO/Virgo GWTC-1: Abbott et al. 2019, Phys. Rev. X 9, 031040, Table III (medians and 90% credible intervals, low-spin prior; luminosity distance 40 +7/-15 Mpc); radius: Abbott et al. 2018, Phys. Rev. Lett. 121, 161101 (11.9 +1.4/-1.4 km, 90% credible)"
Sirius B,white dwarf,Sirius,1.018,0.011,0.011,0.803e-2,R_sun,0.011e-2,0.011e-2,measured,,,378.9,mas,"Orbiting Sirius A, in Canis Major","Mass from the visual-binary orbit: Bond et al. 2017, ApJ 840, 70. Radius from its flux and parallax: Joyce et al. 2018, MNRAS 481, 2361 (0.803 +/- 0.011 R_sun/100), which also measured its gravitational redshift, 80.65 +/- 0.77 km/s; parallax 378.9 +/- 1.4 mas (Bond et al. 2017, ApJ 840, 70, as used by Joyce et al. 2018, MNRAS 481, 2361)"
Sirius A,star,Sirius,2.063,0.023,0.023,1.711,R_sun,0.013,0.013,measured,,,378.9,mas,In Canis Major: the brightest star in the night sky,"Mass: Bond et al. 2017, ApJ 840, 70. Radius from its angular diameter, 5.936 +/- 0.016 mas: Kervella et al. 2003, A&A 408, 681; parallax 378.9 +/- 1.4 mas (Bond et al. 2017, ApJ 840, 70, as used by Joyce et al. 2018, MNRAS 481, 2361)"
Alpha Centauri A,star,Alpha Centauri,1.1055,0.0039,0.0039,1.2234,R_sun,0.0053,0.0053,measured,,,1.3384,pc,In Centaurus: the nearest star like the Sun,"Kervella, Thevenin & Lovis 2017, A&A 598, L7, Table 1: mass from Kervella et al. 2016 (A&A 594, A107), radius from interferometry by Kervella et al. 2017 (A&A 597, A137); distance 1.3384 +/- 0.0011 pc"
Alpha Centauri B,star,Alpha Centauri,0.9373,0.0033,0.0033,0.8632,R_sun,0.0037,0.0037,measured,,,1.3384,pc,"In Centaurus, orbiting Alpha Centauri A","Kervella, Thevenin & Lovis 2017, A&A 598, L7, Table 1: mass from Kervella et al. 2016 (A&A 594, A107), radius from interferometry by Kervella et al. 2017 (A&A 597, A137); distance 1.3384 +/- 0.0011 pc"
Proxima Centauri,star,Alpha Centauri,0.1221,0.0022,0.0022,0.1542,R_sun,0.0045,0.0045,estimated,,,1.3008,pc,"In Centaurus: the nearest star to the Sun, a red dwarf","Kervella, Thevenin & Lovis 2017, A&A 598, L7, Table 1: mass and radius from its infrared brightness through the relations of Mann et al. 2015 (not measured directly); distance 1.3008 +/- 0.0006 pc (Benedict et al. 1999)"
