# Saturn's named rings, regions, gaps and ringlets.
# Regenerate with: python tools/fetch_rings.py
# source: NASA PDS Ring-Moon Systems Node, 'Vital Statistics for Saturn's Rings', https://pds-rings.seti.org/saturn/saturn_tables.html
# fetched: 2026-10-05
# Boundaries copied as published, in km. Features with only one published radius
# have inner = outer. optical_depth is the published text.
name,inner_km,outer_km,optical_depth,type
D Ring,66900,74491,"10-5 to 10-3","Tenuous, Broad"
C Ring,74491,91975,"0.05 to 0.35","Dense, Broad"
Colombo Gap,77748,77926,"~0","Gap"
Titan Ringlet,77867,77890,"~4","Dense, Narrow"
Maxwell Gap,87343,87610,"~0","Gap"
Maxwell Ringlet,87480,87539,"1 to 3","Dense, Narrow"
Bond Gap,88686,88723,"~0","Gap"
Bond Ringlet,88702,88719,"~1","Dense, Narrow"
Dawes Gap,90200,90221,"~0","Gap"
Dawes Ringlet,90138,90200,"0.2 to 1","Dense, Narrow"
B Ring,91975,117570,"0.4 to 5","Dense, Broad"
Region B1,91975,99000,"1.1 to 1.5","Dense, Broad"
Region B2,99000,104000,"1.5 and >4","Dense"
Region B3,104000,110000,"1 to 5","Dense"
Region B4,110000,116500,"2 to 3","Dense"
Region B5,116500,117500,"0.5 to >5","Dense"
Cassini Division,117500,122050,"0 to 0.2","Dense, Broad"
Huygens Gap,117500,117930,"~0","Gap"
Huygens Ringlet,117806,117824,"1 to 2","Dense, Narrow"
Strange Ringlet,117907,117909,"","Dense, Narrow"
Herschel Gap,118188,118284,"~0","Gap"
Herschel Ringlet,118234,118263,"~0.1","Dense, Narrow"
Russell Gap,118590,118628,"~0","Gap"
Jeffreys Gap,118930,118967,"~0","Gap"
Kuiper Gap,119402,119406,"~0","Gap"
Laplace Gap,119845,120086,"~0","Gap"
Laplace Ringlet,120037,120078,"~1","Dense, Narrow"
Bessel Gap,120231,120244,"~0","Gap"
Barnard Gap,120304,120316,"~0","Gap"
A Ring,122050,136770,"0.4 to 1","Dense, Broad"
Encke Gap,133423,133745,"~0","Gap"
Keeler Gap,136487,136522,"~0","Gap"
Roche Division,136770,139380,"~10-4","Tenuous, Broad"
F Ring,139826,140612,"0.01 to 0.2","Narrow"
Janus/Epimetheus Ring,149000,154000,"10-7","Tenuous"
G Ring,166000,173200,"10-6","Tenuous"
E Ring,180000,480000,"5x10-6","Tenuous"
Methone Ring,194440,194440,"~10-7","Tenuous"
Anthe Ring,197655,197655,"~10-7","Tenuous"
Pallene Ring,212280,212280,"~10-7","Tenuous"
Phoebe Ring,7720000,12500000,"~2x10-8","Tenuous"
