# Worldline dwarf planets, major asteroids and comets. Regenerate with: python tools/fetch_small_bodies.py
# epoch_jd_tdb: 2460676.5
# epoch: 2025-01-01 00:00:00 TDB
# states: NASA JPL Horizons small-body solutions (1 Ceres (A801 AA) JPL#48; 136199 Eris (2003 UB313) JPL#103; 136108 Haumea (2003 EL61) JPL#132; 136472 Makemake (2005 FY9) JPL#130; 225088 Gonggong (2007 OR10) JPL#25; 50000 Quaoar (2002 LM60) JPL#51; 90482 Orcus (2004 DW) JPL#61; 90377 Sedna (2003 VB12) JPL#51; 486958 Arrokoth (2014 MU69) JPL#3; 2 Pallas (A802 FA) JPL#74; 3 Juno (A804 RA) JPL#144; 4 Vesta (A807 FA) JPL#36; 7 Iris (A847 PA) JPL#144; 10 Hygiea (A849 GA) JPL#129; 15 Eunomia (A851 OA) JPL#109; 16 Psyche (A852 FA) JPL#92; 31 Euphrosyne (A854 RA) JPL#135; 52 Europa (A858 CA) JPL#143; 65 Cybele (A861 EB) JPL#122; 87 Sylvia (A866 KA) JPL#130; 88 Thisbe (A866 LA) JPL#192; 107 Camilla (A868 WA) JPL#149; 511 Davida (A903 KB) JPL#128; 704 Interamnia (A910 TC) JPL#179; 21 Lutetia (A852 VA) JPL#146; 243 Ida (A884 SB) JPL#191; 253 Mathilde (A885 VA) JPL#250; 433 Eros (A898 PA) JPL#659; 617 Patroclus (A906 UL) JPL#87; 951 Gaspra (A916 OJ) JPL#162; 1566 Icarus (1949 MA) JPL#196; 2867 Steins (1969 VC) JPL#97; 3200 Phaethon (1983 TB) JPL#1007; 3548 Eurybates (1973 SO) JPL#61; 4179 Toutatis (1989 AC) JPL#726; 5535 Annefrank (1942 EM) JPL#150; 9969 Braille (1992 KD) JPL#87; 25143 Itokawa (1998 SF36) JPL#237; 52246 Donaldjohanson (1981 EQ5) JPL#22; 65803 Didymos (1996 GT) JPL#240; 99942 Apophis (2004 MN4) JPL#220; 101955 Bennu (1999 RQ36) (2101955) ORX_merged_DE424; 152830 Dinkinesh (1999 VD57) JPL#23; 162173 Ryugu (1999 JU3) JPL#270; 1P/Halley JPL#75; 2P/Encke JPL#K273/20; 9P/Tempel 1 JPL#K284/2; 12P/Pons-Brooks JPL#K242/84; 19P/Borrelly JPL#K283/1; 21P/Giacobini-Zinner JPL#K253/4; 46P/Wirtanen JPL#K243/4; 55P/Tempel-Tuttle JPL#J985/69; 67P/Churyumov-Gerasimenko JPL#K284/1; 81P/Wild 2 JPL#K222/37; 103P/Hartley 2 JPL#K233/5; 109P/Swift-Tuttle JPL#32; Hale-Bopp (C/1995 O1) JPL#226; NEOWISE (C/2020 F3) JPL#31; Tsuchinshan-ATLAS (C/2023 A3) JPL#113; 1I/'Oumuamua (A/2017 U1) JPL#16; Borisov (C/2019 Q4) JPL#54; ATLAS (C/2025 N1) JPL#54), fetched 2026-10-06
# frame: ICRF, ecliptic and mean equinox of J2000, origin at the solar system barycenter
# units: km, km/s, km^3/s^2; a1-a3 in au/d^2, dt in days, r0 in au
# gm: JPL DE440 (https://naif.jpl.nasa.gov/pub/naif/generic_kernels/pck/gm_de440.tpc), only for the bodies heavy enough that DE440 includes them
# radius: IAU mean radius (pck00011), else the radius Horizons lists; empty where none
# a1..r0: the non-gravitational force model of the same Horizons record (Marsden, Sekanina & Yeomans
#   1973 form g(r) = aln (r/r0)^-nm (1 + (r/r0)^nn)^-nk); empty where the orbit has none
# jpl_halley_perihelion_jd_tdb: 2.474034220234453E+06
name,kind,naif_id,gm_km3_s2,radius_km,x_km,y_km,z_km,vx_km_s,vy_km_s,vz_km_s,a1,a2,a3,dt,aln,nm,nn,nk,r0
Ceres,dwarf planet,2000001,6.2628888644409933E+01,473.5333,3.248137504399524E+08,-2.963900579993964E+08,-6.932647919473128E+07,1.119565321027040E+01,1.213914566444102E+01,-1.676178255466707E+00,,,,,,,,,
Eris,dwarf planet,2136199,1.0989E+03,,1.277282663281318E+10,5.855865853830841E+09,-2.669017948651180E+09,-7.974939700834536E-01,1.493388375853740E+00,1.619088120975451E+00,,,,,,,,,
Haumea,dwarf planet,2136108,2.656E+02,,-5.613941096780878E+09,-3.436253392528883E+09,3.529888294557144E+09,2.348355152395003E+00,-3.069490640335981E+00,-1.976431936493808E-01,,,,,,,,,
Makemake,dwarf planet,2136472,,,-6.889450311998562E+09,-1.237696229229612E+09,3.628820112912162E+09,2.784944334455052E-01,-3.718530979117239E+00,-5.294989517901187E-01,,,,,,,,,
Gonggong,trans-Neptunian object,2225088,,,1.214596001851432E+10,-5.624778123655983E+09,-2.351064600718265E+08,1.801374143656309E+00,1.396931118015689E+00,1.188100772286005E+00,,,,,,,,,
Quaoar,trans-Neptunian object,2050000,9.565E+01,,1.024469887844946E+09,-6.236870477126276E+09,8.872253866065965E+08,4.510235176778274E+00,8.949354833879738E-01,-2.602074189920300E-02,,,,,,,,,
Orcus,trans-Neptunian object,2090482,4.203E+01,,-6.539947518945559E+09,1.655611509874043E+09,-2.468587120165301E+09,-7.430861029721877E-01,-3.710881894041791E+00,-2.443140593715354E-01,,,,,,,,,
Sedna,trans-Neptunian object,2090377,,,6.028645850793969E+09,1.059787718492277E+10,-2.561779259602595E+09,-4.281146430952827E+00,1.064145768310600E+00,3.436626223305303E-01,,,,,,,,,
Arrokoth,trans-Neptunian object,2486958,,,2.608578126627474E+09,-5.893225228824527E+09,1.955594361730158E+08,4.150488938428452E+00,1.972457377790648E+00,-1.423172055787376E-01,,,,,,,,,
Pallas,asteroid,2000002,1.3665878145967422E+01,256.5,8.853809377347431E+07,-4.056591725364553E+08,2.728616038476468E+08,1.459429397979050E+01,1.321865432028885E-01,-1.354242197913134E+00,,,,,,,,,
Juno,asteroid,2000003,1.9205707002025889E+00,123.298,-3.974858730301146E+08,-2.763478479620879E+08,7.873926123737262E+07,6.943060131739426E+00,-1.248203012952322E+01,2.549908579461633E+00,,,,,,,,,
Vesta,asteroid,2000004,1.7288232879171513E+01,266.0000,-3.375395687362804E+08,-2.701459036840978E+07,4.180416549961855E+07,3.257651168544907E+00,-1.984868530674155E+01,1.937869357326774E-01,,,,,,,,,
Iris,asteroid,2000007,1.1398723232184107E+00,99.915,2.839062006050948E+08,2.621426033229743E+07,2.660874767275995E+07,-5.010474181420530E+00,2.293165338933228E+01,-8.814088733904839E-01,,,,,,,,,
Hygiea,asteroid,2000010,5.6251476453852289E+00,203.56,4.009369740871589E+08,3.264970883079934E+08,3.121617757876460E+07,-9.097935733743414E+00,1.206789677185487E+01,-4.105497162716452E-01,,,,,,,,,
Eunomia,asteroid,2000015,2.0230209871098284E+00,115.8445,1.333223852759066E+07,3.425937117165788E+08,3.053398973295355E+07,-2.011362851904837E+01,4.038934999081085E+00,-3.532176427123852E+00,,,,,,,,,
Psyche,asteroid,2000016,1.5896582441709424E+00,116.6667,3.771782143949835E+08,-7.197805177638820E+07,-6.855898260909818E+06,2.455208713474728E+00,1.947074427446472E+01,-9.791589907028699E-01,,,,,,,,,
Euphrosyne,asteroid,2000031,1.0793714577033560E+00,133.54,-4.385312564475627E+08,-2.341718832733467E+08,1.170219270319301E+07,3.484656675844192E+00,-1.399416944427837E+01,-6.822576161613052E+00,,,,,,,,,
52 Europa,asteroid,2000052,2.6830359242821795E+00,159.6667,4.758808831456836E+08,-5.664352787249582E+07,-4.433225556957191E+07,8.555409071569521E-02,1.617735228365212E+01,-1.333006136262531E+00,,,,,,,,,
Cybele,asteroid,2000065,9.3810575639151328E-01,118.63,-2.151352402727021E+08,5.177212507344905E+08,-2.364165066198924E+07,-1.298529148262687E+01,-6.579517330534621E+00,7.114755606218226E-01,,,,,,,,,
Sylvia,asteroid,2000087,2.1682320736996910E+00,126.5255,4.036543020649924E+08,2.686083206237377E+08,-5.920431929031682E+07,-7.978783945262374E+00,1.475667571660021E+01,2.297943327165981E+00,,,,,,,,,
Thisbe,asteroid,2000088,1.1898077088121908E+00,116.,-6.259002768603154E+07,4.603704775655581E+08,-9.407058842952847E+05,-1.573984447549262E+01,-3.686336618572458E-01,-1.435507495240521E+00,,,,,,,,,
Camilla,asteroid,2000107,1.4437384031866001E+00,105.185,4.347554307974715E+08,2.708038171239027E+08,-5.738875811308464E+07,-9.498785098004030E+00,1.283652411870421E+01,-2.029733538023971E+00,,,,,,,,,
Davida,asteroid,2000511,3.8944831481705644E+00,151.3333,2.260275885529380E+08,3.078056767585077E+08,-8.837190375168955E+07,-1.628709066226893E+01,1.080686340419571E+01,3.506973166907434E+00,,,,,,,,,
Interamnia,asteroid,2000704,2.8304096393299849E+00,153.1565,-4.273326983774602E+08,2.404114859545090E+08,-1.175728560595015E+08,-8.311585814445761E+00,-1.252330701402116E+01,-3.243428038222502E+00,,,,,,,,,
Lutetia,asteroid,2000021,,53.0000,-3.148534261699392E+08,2.806751535829099E+08,1.902223602701370E+07,-1.132979608265298E+01,-1.164617391432722E+01,5.000481321976129E-01,,,,,,,,,
Ida,asteroid,2000243,,16.,4.024663528704088E+08,1.100637744445021E+08,6.508678067675285E+06,-5.431304904606646E+00,1.715912943445464E+01,2.085358474885011E-01,,,,,,,,,
Mathilde,asteroid,2000253,,26.6667,-3.843178042374829E+08,3.079041070641626E+08,-3.605379159934725E+07,-9.990441637703524E+00,-1.005991957813881E+01,1.198435159734825E+00,,,,,,,,,
Eros,asteroid,2000433,4.463E-4,9.3333,-3.280572992603609E+06,-2.533395828268779E+08,-2.756373535751352E+07,2.037240798020260E+01,-3.697673854089515E+00,2.820250792262151E+00,,,,,,,,,
Patroclus,asteroid,2000617,,70.181,6.383192804587549E+08,1.737438620318227E+08,-1.305100570921042E+08,-2.175884806398109E+00,1.399320565331823E+01,4.677454798546319E+00,,,,,,,,,
Gaspra,asteroid,2000951,,6.1,2.331066146462454E+08,-1.798934134591473E+08,1.985060527618647E+07,1.098073842786962E+01,1.940481413487710E+01,3.450853595375918E-01,,,,,,,,,
Icarus,asteroid,2001566,,.500,1.566979759273887E+08,-2.221973145193659E+08,-6.949846502151525E+07,3.364186588686839E+00,1.050067789917971E+01,-1.250835596792757E+00,0.,-3.75258537133E-15,0.,,1.,2.,5.093,0.,1.
Steins,asteroid,2002867,,2.6700,-3.272782244910721E+06,3.899029091422724E+08,3.926894851808628E+07,-1.709005855461369E+01,1.310791825831308E+00,2.592680916437117E+00,,,,,,,,,
Phaethon,asteroid,2003200,,3.125,8.585091816938345E+07,2.223008155026704E+08,2.765340301316901E+07,-1.447962787242810E+01,-1.281750462851946E+01,-5.476238147290712E+00,0.,-6.133444685474E-15,0.,,1.,2.,0.,0.,1.
Eurybates,asteroid,2003548,,31.9425,-7.474870348247268E+08,1.948904499680562E+08,9.287547729147212E+07,-4.538094618077735E+00,-1.224910792692305E+01,-8.122480579763929E-01,,,,,,,,,
Toutatis,asteroid,2004179,,1.3317,1.196331755349144E+08,7.746807808549613E+07,-1.095514411934573E+06,-2.324717201547102E+01,3.094439964478156E+01,8.039771374960480E-03,-3.148561518174E-13,-7.654593332518E-15,0.,,.1112620426,2.15,5.093,4.6142,2.808
Annefrank,asteroid,2005535,,2.4,-1.640252093777358E+08,-2.952161719169384E+08,2.157813218917254E+07,1.655869696336097E+01,-1.057345163427570E+01,-6.594739751620593E-01,,,,,,,,,
Braille,asteroid,2009969,,,1.555518594802894E+08,-1.685702491141017E+08,1.204250356053389E+08,2.147607337843761E+01,1.128900192907462E+01,7.552606066326394E+00,,,,,,,,,
Itokawa,asteroid,2025143,,0.1730,1.301949387931905E+08,2.155508448236811E+08,-1.251681960578337E+06,-1.709445496336415E+01,9.304019920343727E+00,5.461168857719056E-01,0.,-2.855043703676E-14,0.,,1.,2.,5.093,0.,1.
Donaldjohanson,asteroid,2052246,,1.9475,-1.745006245833808E+08,2.319391832898886E+08,-1.556971107771645E+07,-1.897234184315449E+01,-1.336769186663800E+01,-1.327832108863492E+00,,,,,,,,,
Didymos,asteroid,2065803,3.70362727488241E-8,.390,5.685783495600760E+07,1.486587560160118E+08,-6.577738762879968E+05,-2.859565231860795E+01,1.717215643609629E+01,1.931703602734022E+00,,,,,,,,,
Apophis,asteroid,2099942,,.170,-1.388590916653571E+07,-1.234509623050680E+08,6.268048407716118E+06,3.439172035549679E+01,1.959859020846836E+00,7.080954494745844E-01,4.999999873689E-13,-2.901766720242E-14,0.,,1.,2.,5.093,0.,1.
Bennu,asteroid,2101955,,.241,4.789481617142029E+07,1.235374651749244E+08,1.297467894896685E+07,-3.212696540115035E+01,1.248983891154240E+01,1.436898029449603E+00,,,,,,,,,
Dinkinesh,asteroid,2152830,,.3595,2.244207167486147E+08,-2.728768316728591E+08,-1.223633708173071E+07,1.334119780081359E+01,1.296648172232237E+01,2.638321078615720E-01,,,,,,,,,
Ryugu,asteroid,2162173,,.448,-1.134119142111419E+08,9.562276354851894E+07,-1.410265433777606E+07,-2.313708721005196E+01,-2.237219516535514E+01,-1.516174223071599E+00,0.,-2.487268602636E-14,0.,,1.,2.,5.093,0.,1.
Halley,comet,1000036,,5.3333,-2.944557020780305E+09,4.091042465549334E+09,-1.484602488664733E+09,8.108220659118014E-01,4.194162183743328E-01,1.526443969344621E-01,4.887055233121E-10,1.554720290005E-10,0.,0.,.1112620426,2.15,5.093,4.6142,2.808
Encke,comet,1000025,,2.4,5.183558551018005E+08,-2.621743330290096E+08,-1.479183625994831E+06,6.670046584964184E+00,3.302368574308894E+00,1.181419135411374E+00,2.041002176702E-10,2.635817800183E-12,0.,0.,.1112620426,2.15,5.093,4.6142,2.808
Tempel 1,comet,1000093,,3.0000,2.590740393303266E+08,6.745543163593531E+08,3.707912337268949E+06,-8.775862926296153E+00,3.835238918538948E+00,1.832685646219186E+00,1.800413476303E-11,1.179466606118E-11,0.,0.,.1112620426,2.15,5.093,4.6142,2.808
Pons-Brooks,comet,1000068,,,-1.925730718503362E+08,-4.256417834139199E+08,-2.898372324112396E+08,-5.476658964870635E+00,-1.999381048268706E+01,-1.547309286290096E+00,,,,,,,,,
Borrelly,comet,1000005,,4.2200,-4.277359827677640E+08,-7.495408091756989E+08,1.163150102684811E+08,4.634785222117548E+00,-5.211669234718777E+00,-3.293440650521378E+00,3.142102956772E-9,-5.959532409906E-10,0.,0.,.1112620426,2.15,5.093,4.6142,2.808
Giacobini-Zinner,comet,1000032,,1.,6.588499120210081E+07,-1.811589259427017E+08,1.200185092480417E+08,1.976922197822632E+01,2.093295255372606E+01,-9.372732281728048E+00,3.468081951141E-9,-1.542452871799E-9,-1.951569318771E-9,0.,.1112620426,2.15,5.093,4.6142,2.808
Wirtanen,comet,1000109,,.600,-3.688312200664307E+08,-1.386715252950741E+08,7.193762148091686E+07,-6.716047187682567E+00,-1.821079226025465E+01,8.697850151114181E-01,4.096574485302E-9,-1.246898174286E-9,6.905972212553E-10,-14.14793,.1112620426,2.15,5.093,4.6142,2.808
Tempel-Tuttle,comet,1000095,,1.8,-1.460516896151502E+09,-1.586957541775528E+09,9.503830197462785E+07,1.713424208603674E+00,5.823604679971841E+00,6.007478732066716E-01,1.580981463194E-9,9.186415933073E-11,0.,0.,.1112620426,2.15,5.093,4.6142,2.808
Churyumov-Gerasimenko,comet,1000012,,1.7167,-4.574001264081170E+08,-7.215363212230096E+08,-2.096225940483591E+07,6.134148407781270E+00,-4.103089578612372E+00,-4.687311344617742E-01,1.042562574148E-9,-6.733588408679E-11,2.960397861898E-10,45.66665,.1112620426,2.15,5.093,4.6142,2.808
Wild 2,comet,1000107,,2.0333,6.361367573507503E+08,-3.288119051257373E+08,-1.158900172958528E+07,8.279699030061650E+00,6.677465812365123E+00,-5.968973828365118E-01,2.756873071194E-9,3.070332854986E-10,-1.044902577996E-9,-127.4855,.1112620426,2.15,5.093,4.6142,2.808
Hartley 2,comet,1000041,,.800,-6.116124396909609E+08,-6.872773924208608E+07,-8.187308423108253E+07,-7.985316838162084E+00,-1.041810341586138E+01,6.996335345218809E-01,1.384525597095E-9,1.464430894703E-10,1.812240295112E-10,12.23374,.1112620426,2.15,5.093,4.6142,2.808
Swift-Tuttle,comet,1000140,,13.,-4.864133242892868E+09,2.299134884502520E+09,-3.259777739288671E+09,-2.303916597168550E+00,1.587275272501231E+00,-6.652594843024177E-01,,,,,,,,,
Hale-Bopp,comet,1000132,,30.,6.299996967792388E+08,-3.167757394763927E+09,-6.604958313768755E+09,6.375329286038505E-01,-3.099405472306188E+00,-4.602384674582199E+00,,,,,,,,,
NEOWISE,comet,1003667,,,-1.459114225491950E+09,-1.576159416257322E+09,-6.324900527036531E+08,-7.462934597702838E+00,-6.600049464710050E+00,-4.121335760899385E+00,,,,,,,,,
Tsuchinshan-ATLAS,comet,1003913,,,1.469518699004287E+08,-1.752976956354712E+08,1.876378837665568E+08,2.327667457121663E+00,-2.290479208325916E+01,1.917687089545579E+01,1.41890501976E-8,1.347781270742E-9,0.,0.,.1112620426,2.15,5.093,4.6142,2.808
'Oumuamua,interstellar object,50788063,,,6.095911258962281E+09,9.821090496518416E+08,2.561994935042110E+09,2.463803576022499E+01,3.669664562428606E+00,1.077514785468442E+01,2.790193367004E-7,1.441264152527E-8,1.573922634125E-8,,.04083733261,2.,3.,2.6,5.
Borisov,interstellar object,1003639,,,-2.101789564495039E+07,-4.684635735924991E+09,-2.813386336564438E+09,1.895537353624138E+00,-2.892093145955208E+01,-1.582601404505979E+01,4.85958814621E-8,1.879898667336E-8,2.835503220558E-9,-65.1301,1.,2.,0.,0.,1.
3I/ATLAS,interstellar object,1004083,,,4.126619879053748E+08,-1.535134394016343E+09,8.193571507872295E+07,-2.365872527238179E+01,5.442011922646733E+01,-2.433202782142647E+00,5.320206165314E-8,1.148166060448E-8,-6.854491829872E-9,9.478815,1.,2.,0.,0.,1.
