# Planets' tesseral gravity harmonics (unnormalized C_nm, S_nm) and their reference radius,
# in the planet's body-fixed frame. Regenerate with: python tools/fetch_moons.py
# source: constants of the JPL satellite ephemeris integrations, from the NASA NAIF comment
#         files: MAR099.01 in mar099.cmt, JUP365.26 in jup365.cmt, SAT441.24 in sat441.cmt, URA182.21 in ura184_part-1.cmt, NEP098 in nep098_part-1.cmt, PLU060 in plu060.cmt; fetched 2026-10-05
planet,reference_radius_km,degree,order,c,s
Mars,3.396000000000000E+03,2,1,4.847215941870359E-10,2.840298929988188E-11
Mars,3.396000000000000E+03,2,2,-5.463026057285782E-05,3.159047860342841E-05
Mars,3.396000000000000E+03,3,1,4.109945448876948E-06,2.719438049147488E-05
Mars,3.396000000000000E+03,3,2,-5.447069396462353E-06,2.856320975635046E-06
Mars,3.396000000000000E+03,3,3,4.888387911527159E-06,3.565723375288043E-06
Mars,3.396000000000000E+03,4,1,4.000043786066994E-06,3.570134153591327E-06
Mars,3.396000000000000E+03,4,2,-2.131221636419793E-07,-2.008165545056164E-06
Mars,3.396000000000000E+03,4,3,3.858702767707180E-07,-1.158215734874162E-08
Mars,3.396000000000000E+03,4,4,6.510835233444724E-09,-2.719930512745174E-07
Mars,3.396000000000000E+03,5,1,4.143365443287509E-07,1.818142647921598E-06
Mars,3.396000000000000E+03,5,2,-6.955958442252955E-07,-1.886463499215744E-07
Mars,3.396000000000000E+03,5,3,1.094320118099956E-07,8.966340765610343E-09
Mars,3.396000000000000E+03,5,4,-3.613442846110264E-08,-2.632942144122597E-08
Mars,3.396000000000000E+03,5,5,-1.095505393646345E-08,9.308554408402763E-09
Mars,3.396000000000000E+03,6,1,1.418088660164002E-06,-1.194752212016803E-06
Mars,3.396000000000000E+03,6,2,1.072006597386511E-07,1.827612833644356E-07
Mars,3.396000000000000E+03,6,3,1.981490795997068E-08,6.902895528842675E-09
Mars,3.396000000000000E+03,6,4,3.818696930161275E-09,9.988507198397148E-09
Mars,3.396000000000000E+03,6,5,1.338037866384725E-09,1.309591488640876E-09
Mars,3.396000000000000E+03,6,6,6.435460418712447E-10,1.913520892391043E-10
